File,Date
240908_211253_R.json,2024-10-07 17:02:00.200320
240911_194434_R.json,2024-10-07 17:02:00.205503
240911_201937_R.json,2024-10-07 17:02:00.207512
240918_200230_R.json,2024-10-07 17:02:00.209783
240918_203115_R.json,2024-10-07 17:02:00.211940
240922_211644_R.json,2024-10-07 17:02:00.215227
240925_194710_R.json,2024-10-07 17:02:00.219950
240925_202053_R.json,2024-10-07 17:02:00.222116
241002_211251_R.json,2024-10-07 17:02:00.224987
241002_214513_R.json,2024-10-07 17:02:00.227355
241006_211151_R.json,2024-10-07 17:02:00.230416
